task,roc_auc,pr_auc
credit_default,0.7546542553191489,0.22588290424485696
fraud,0.6181294326241135,0.12526976644755014
engagement,0.5825296995108316,0.389668551761038
